<PAMDataset>
  <Metadata>
    <MDI key="DataType">Generic</MDI>
  </Metadata>
  <Metadata domain="Esri">
    <MDI key="PyramidResamplingType">NEAREST</MDI>
  </Metadata>
  <PAMRasterBand band="1">
    <Histograms>
      <HistItem>
        <HistMin>0</HistMin>
        <HistMax>1905989</HistMax>
        <BucketCount>256</BucketCount>
        <IncludeOutOfRange>1</IncludeOutOfRange>
        <Approximate>0</Approximate>
        <HistCounts>1481582|2751|1492|1158|607|585|354|237|168|194|69|40|188|31|134|90|113|58|28|70|118|0|94|101|150|61|46|14|0|15|79|71|23|0|0|38|32|0|0|0|26|45|105|21|0|45|101|20|87|51|16|46|0|24|107|0|0|35|0|73|105|84|44|0|0|0|42|0|0|0|0|0|0|0|0|0|0|0|0|0|0|0|0|0|0|33|0|46|104|89|54|0|0|83|0|0|0|49|0|0|0|0|0|0|0|0|0|0|0|0|0|0|0|0|0|0|0|0|0|0|0|0|0|0|0|0|0|0|0|0|0|0|0|0|0|0|0|0|0|0|0|0|0|0|0|0|0|0|0|0|0|0|0|0|0|0|0|0|0|0|0|0|0|0|0|0|0|0|0|0|0|0|0|0|0|0|0|0|0|0|0|0|0|0|0|0|0|0|67|46|68|0|0|0|0|0|0|0|17|53|38|0|0|0|0|0|14|0|0|0|6|93|0|0|0|0|0|14|30|0|46|53|0|0|0|41|31|24|0|0|0|0|0|73|29|48|60|0|0|0|0|12|26|15|48|48|60|0|0|30|57|0|0|0|32|0</HistCounts>
      </HistItem>
    </Histograms>
    <Metadata>
      <MDI key="STATISTICS_MINIMUM">0</MDI>
      <MDI key="STATISTICS_MAXIMUM">1905989</MDI>
      <MDI key="STATISTICS_MEAN">2156.6337414337</MDI>
      <MDI key="STATISTICS_STDDEV">50018.38861022</MDI>
      <MDI key="STATISTICS_SKIPFACTORX">1</MDI>
      <MDI key="STATISTICS_SKIPFACTORY">1</MDI>
      <MDI key="STATISTICS_EXCLUDEDVALUES"></MDI>
      <MDI key="STATISTICS_COVARIANCES">2501839199.16298</MDI>
    </Metadata>
  </PAMRasterBand>
</PAMDataset>
