<?xml version="1.0" encoding="UTF-8"?>
<metadata xml:lang="zh"><Esri><CreaDate>20221229</CreaDate><CreaTime>20224200</CreaTime><ArcGISFormat>1.0</ArcGISFormat><SyncOnce>TRUE</SyncOnce><DataProperties><lineage><Process ToolSource="c:\program files (x86)\arcgis\desktop10.2\ArcToolbox\Toolboxes\Spatial Analyst Tools.tbx\StreamToFeature" Date="20221229" Time="202242">StreamToFeature stream2000.tif dir.tif C:\Users\mqy\Desktop\geomorphology\data\Sorbas\river.shp SIMPLIFY</Process></lineage></DataProperties></Esri></metadata>
